<?xml version="1.0" encoding="UTF-8" standalone="yes"?>
<addon id="repository.tvdobill"
       name="TV DO BILL"
       version="1.0"
       provider-name="Bill">

    <extension point="xbmc.addon.repository"
               name="TV DO BILL">
        <info compressed="false">
            https://tvdobill.github.io/repo/addons.xml
        </info>
        <checksum>
            https://tvdobill.github.io/repo/addons.xml.md5
        </checksum>
        <datadir zip="true">
            https://tvdobill.github.io/repo/
        </datadir>
    </extension>

    <extension point="xbmc.addon.metadata">
        <summary lang="pt_BR">Repositório TV DO BILL</summary>
        <description lang="pt_BR">
Repositório oficial TV DO BILL para Kodi 21 e superior.
        </description>
        <platform>all</platform>
        <assets>
            <icon>icon.png</icon>
            <fanart>fanart.png</fanart>
        </assets>
    </extension>

</addon>
